{
"lengthUnit": "mil",
"remark": [],
"components": {
	"fields": ["COMPONENT_NO", "COMPONENT_NAME", "LAYER", "X_COORDINATE", "Y_COORDINATE", "ANGLE"],
	"rows": [
		[1, "BAT1", "T", 2385, -285, 90],
		[2, "C1", "T", 3545, -1655, 0],
		[3, "C2", "T", 4075, -1040, 0],
		[4, "C3", "T", 185, -645, 0],
		[5, "C4", "T", 1170, -1010, 0],
		[6, "C5", "T", 3605, -1040, 0],
		[7, "C6", "T", 3835, -1025, 0],
		[8, "H1", "T", 2390, -90, 0],
		[9, "H2", "T", 4650, -2225, 90],
		[10, "R1", "T", 3570, -1260, 0],
		[11, "R2", "T", 4125, -1260, 0],
		[12, "R3", "T", 3575, -1435, 0],
		[13, "R4", "T", 4130, -1455, 0],
		[14, "R5", "T", 625, -1305, 0],
		[15, "R6", "T", 1195, -1315, 0],
		[16, "R7", "T", 620, -1475, 0],
		[17, "R8", "T", 620, -1650, 0],
		[18, "R9", "T", 615, -1820, 0],
		[19, "R10", "T", 1200, -1490, 0],
		[20, "R11", "T", 1205, -1655, 0],
		[21, "R12", "T", 1195, -1815, 0],
		[22, "SW1", "T", 4620, -520, 90],
		[23, "U1", "T", 3855, -2100, 90],
		[24, "U2", "T", 155, -2565, 270],
		[25, "U3", "T", 145, -200, 270],
		[26, "U4", "B", 1870, -85, 180],
		[27, "U5", "B", 2900, -85, 180],
		[28, "U6", "B", 1805, -2665, 180],
		[29, "U7", "B", 2890, -2660, 180],
		[30, "U8", "T", 900, -695, 0],
		[31, "U9", "T", 3800, -425, 0],
		[32, "U10", "T", 90, -1385, 90],
		[33, "U11", "T", 2355, -2660, 0],
		[34, "PAD1", "T", 90, -1535, 0],
		[35, "PAD1", "B", 90, -1535, 0],
		[36, "PAD2", "T", 90, -1435, 0],
		[37, "PAD2", "B", 90, -1435, 0],
		[38, "PAD3", "T", 90, -1335, 0],
		[39, "PAD3", "B", 90, -1335, 0],
		[40, "PAD4", "T", 90, -1235, 0],
		[41, "PAD4", "B", 90, -1235, 0],
		[42, "PAD5", "T", 243.58, -2437.05, 0],
		[43, "PAD5", "B", 243.58, -2437.05, 0],
		[44, "PAD6", "T", 66.42, -2437.05, 0],
		[45, "PAD6", "B", 66.42, -2437.05, 0],
		[46, "PAD7", "T", 233.58, -72.05, 0],
		[47, "PAD7", "B", 233.58, -72.05, 0],
		[48, "PAD8", "T", 56.42, -72.05, 0],
		[49, "PAD8", "B", 56.42, -72.05, 0],
		[50, "PAD9", "T", 3922.24, -1260, 0],
		[51, "PAD9", "B", 3922.24, -1260, 0],
		[52, "PAD10", "T", 4327.76, -1260, 0],
		[53, "PAD10", "B", 4327.76, -1260, 0],
		[54, "PAD11", "T", 3927.24, -1455, 0],
		[55, "PAD11", "B", 3927.24, -1455, 0],
		[56, "PAD12", "T", 4332.76, -1455, 0],
		[57, "PAD12", "B", 4332.76, -1455, 0],
		[58, "PAD13", "T", 417.24, -1475, 0],
		[59, "PAD13", "B", 417.24, -1475, 0],
		[60, "PAD14", "T", 822.76, -1475, 0],
		[61, "PAD14", "B", 822.76, -1475, 0],
		[62, "PAD15", "T", 1002.24, -1655, 0],
		[63, "PAD15", "B", 1002.24, -1655, 0],
		[64, "PAD16", "T", 1407.76, -1655, 0],
		[65, "PAD16", "B", 1407.76, -1655, 0],
		[66, "PAD17", "T", 422.24, -1305, 0],
		[67, "PAD17", "B", 422.24, -1305, 0],
		[68, "PAD18", "T", 827.76, -1305, 0],
		[69, "PAD18", "B", 827.76, -1305, 0],
		[70, "PAD19", "T", 3372.24, -1435, 0],
		[71, "PAD19", "B", 3372.24, -1435, 0],
		[72, "PAD20", "T", 3777.76, -1435, 0],
		[73, "PAD20", "B", 3777.76, -1435, 0],
		[74, "PAD21", "T", 4025, -1040, 0],
		[75, "PAD21", "B", 4025, -1040, 0],
		[76, "PAD22", "T", 4125, -1040, 0],
		[77, "PAD22", "B", 4125, -1040, 0],
		[78, "PAD23", "T", 1905, -2665, 0],
		[79, "PAD23", "B", 1905, -2665, 0],
		[80, "PAD24", "T", 1805, -2665, 0],
		[81, "PAD24", "B", 1805, -2665, 0],
		[82, "PAD25", "T", 1705, -2665, 0],
		[83, "PAD25", "B", 1705, -2665, 0],
		[84, "PAD26", "T", 412.24, -1820, 0],
		[85, "PAD26", "B", 412.24, -1820, 0],
		[86, "PAD27", "T", 817.76, -1820, 0],
		[87, "PAD27", "B", 817.76, -1820, 0],
		[88, "PAD28", "T", 992.24, -1315, 0],
		[89, "PAD28", "B", 992.24, -1315, 0],
		[90, "PAD29", "T", 1397.76, -1315, 0],
		[91, "PAD29", "B", 1397.76, -1315, 0],
		[92, "PAD30", "T", 1970, -85, 0],
		[93, "PAD30", "B", 1970, -85, 0],
		[94, "PAD31", "T", 1870, -85, 0],
		[95, "PAD31", "B", 1870, -85, 0],
		[96, "PAD32", "T", 1770, -85, 0],
		[97, "PAD32", "B", 1770, -85, 0],
		[98, "PAD33", "T", 3574.53, -1655, 0],
		[99, "PAD33", "B", 3574.53, -1655, 0],
		[100, "PAD34", "T", 3515.47, -1655, 0],
		[101, "PAD34", "B", 3515.47, -1655, 0],
		[102, "PAD35", "T", 214.53, -645, 0],
		[103, "PAD35", "B", 214.53, -645, 0],
		[104, "PAD36", "T", 155.47, -645, 0],
		[105, "PAD36", "B", 155.47, -645, 0],
		[106, "PAD37", "T", 997.24, -1490, 0],
		[107, "PAD37", "B", 997.24, -1490, 0],
		[108, "PAD38", "T", 1402.76, -1490, 0],
		[109, "PAD38", "B", 1402.76, -1490, 0],
		[110, "PAD39", "T", 2099.565, -285, 0],
		[111, "PAD39", "B", 2099.565, -285, 0],
		[112, "PAD40", "T", 2670.435, -285, 0],
		[113, "PAD40", "B", 2670.435, -285, 0],
		[114, "PAD41", "T", 3367.24, -1260, 0],
		[115, "PAD41", "B", 3367.24, -1260, 0],
		[116, "PAD42", "T", 3772.76, -1260, 0],
		[117, "PAD42", "B", 3772.76, -1260, 0],
		[118, "PAD43", "T", 4650, -1975, 0],
		[119, "PAD43", "B", 4650, -1975, 0],
		[120, "PAD44", "T", 4650, -2075, 0],
		[121, "PAD44", "B", 4650, -2075, 0],
		[122, "PAD45", "T", 4650, -2175, 0],
		[123, "PAD45", "B", 4650, -2175, 0],
		[124, "PAD46", "T", 4650, -2275, 0],
		[125, "PAD46", "B", 4650, -2275, 0],
		[126, "PAD47", "T", 4650, -2375, 0],
		[127, "PAD47", "B", 4650, -2375, 0],
		[128, "PAD48", "T", 4650, -2475, 0],
		[129, "PAD48", "B", 4650, -2475, 0],
		[130, "PAD49", "T", 2640, -90, 0],
		[131, "PAD49", "B", 2640, -90, 0],
		[132, "PAD50", "T", 2540, -90, 0],
		[133, "PAD50", "B", 2540, -90, 0],
		[134, "PAD51", "T", 2440, -90, 0],
		[135, "PAD51", "B", 2440, -90, 0],
		[136, "PAD52", "T", 2340, -90, 0],
		[137, "PAD52", "B", 2340, -90, 0],
		[138, "PAD53", "T", 2240, -90, 0],
		[139, "PAD53", "B", 2240, -90, 0],
		[140, "PAD54", "T", 2140, -90, 0],
		[141, "PAD54", "B", 2140, -90, 0],
		[142, "PAD55", "T", 1199.53, -1010, 0],
		[143, "PAD55", "B", 1199.53, -1010, 0],
		[144, "PAD56", "T", 1140.47, -1010, 0],
		[145, "PAD56", "B", 1140.47, -1010, 0],
		[146, "PAD57", "T", 3634.53, -1040, 0],
		[147, "PAD57", "B", 3634.53, -1040, 0],
		[148, "PAD58", "T", 3575.47, -1040, 0],
		[149, "PAD58", "B", 3575.47, -1040, 0],
		[150, "PAD59", "T", 2990, -2660, 0],
		[151, "PAD59", "B", 2990, -2660, 0],
		[152, "PAD60", "T", 2890, -2660, 0],
		[153, "PAD60", "B", 2890, -2660, 0],
		[154, "PAD61", "T", 2790, -2660, 0],
		[155, "PAD61", "B", 2790, -2660, 0],
		[156, "PAD62", "T", 3000, -85, 0],
		[157, "PAD62", "B", 3000, -85, 0],
		[158, "PAD63", "T", 2900, -85, 0],
		[159, "PAD63", "B", 2900, -85, 0],
		[160, "PAD64", "T", 2800, -85, 0],
		[161, "PAD64", "B", 2800, -85, 0],
		[162, "PAD65", "T", 3864.53, -1025, 0],
		[163, "PAD65", "B", 3864.53, -1025, 0],
		[164, "PAD66", "T", 3805.47, -1025, 0],
		[165, "PAD66", "B", 3805.47, -1025, 0],
		[166, "PAD67", "T", 2255, -2660, 0],
		[167, "PAD67", "B", 2255, -2660, 0],
		[168, "PAD68", "T", 2355, -2660, 0],
		[169, "PAD68", "B", 2355, -2660, 0],
		[170, "PAD69", "T", 2455, -2660, 0],
		[171, "PAD69", "B", 2455, -2660, 0],
		[172, "PAD70", "T", 1011.61, -785.55, 0],
		[173, "PAD71", "T", 1011.61, -695, 0],
		[174, "PAD72", "T", 1011.61, -604.45, 0],
		[175, "PAD73", "T", 788.39, -695, 0],
		[176, "PAD74", "T", 3911.61, -515.55, 0],
		[177, "PAD75", "T", 3911.61, -425, 0],
		[178, "PAD76", "T", 3911.61, -334.45, 0],
		[179, "PAD77", "T", 3688.39, -425, 0],
		[180, "PAD78", "T", 3557.73, -2401.205, 0],
		[181, "PAD79", "T", 3557.74, -2322.465, 0],
		[182, "PAD80", "T", 3557.73, -2243.725, 0],
		[183, "PAD81", "T", 3557.76, -2164.985, 0],
		[184, "PAD82", "T", 3557.73, -2086.245, 0],
		[185, "PAD83", "T", 3557.7, -2007.505, 0],
		[186, "PAD84", "T", 3557.75, -1928.765, 0],
		[187, "PAD85", "T", 3557.81, -1850.025, 0],
		[188, "PAD86", "T", 3658.28, -1798.805, 0],
		[189, "PAD87", "T", 3737.02, -1798.835, 0],
		[190, "PAD88", "T", 3815.73, -1798.835, 0],
		[191, "PAD89", "T", 3894.5, -1798.835, 0],
		[192, "PAD90", "T", 3973.19, -1798.855, 0],
		[193, "PAD91", "T", 4051.85, -1798.795, 0],
		[194, "PAD92", "T", 4152.27, -1850.025, 0],
		[195, "PAD93", "T", 4152.3, -1928.765, 0],
		[196, "PAD94", "T", 4152.3, -2007.505, 0],
		[197, "PAD95", "T", 4152.3, -2086.245, 0],
		[198, "PAD96", "T", 4152.3, -2164.985, 0],
		[199, "PAD97", "T", 4152.3, -2243.725, 0],
		[200, "PAD98", "T", 4152.3, -2322.465, 0],
		[201, "PAD99", "T", 4152.3, -2401.205, 0],
		[202, "PAD100", "T", 417.24, -1650, 0],
		[203, "PAD100", "B", 417.24, -1650, 0],
		[204, "PAD101", "T", 822.76, -1650, 0],
		[205, "PAD101", "B", 822.76, -1650, 0],
		[206, "PAD102", "T", 992.24, -1815, 0],
		[207, "PAD102", "B", 992.24, -1815, 0],
		[208, "PAD103", "T", 1397.76, -1815, 0],
		[209, "PAD103", "B", 1397.76, -1815, 0],
		[210, "PAD104", "T", 4620, -683.39, 0],
		[211, "PAD104", "B", 4620, -683.39, 0],
		[212, "PAD105", "T", 4620, -356.61, 0],
		[213, "PAD105", "B", 4620, -356.61, 0],
		[214, "PAD106", "T", 4620, -520, 0],
		[215, "PAD106", "B", 4620, -520, 0],
		[216, "PAD107", "T", 4620, -441.26, 0],
		[217, "PAD107", "B", 4620, -441.26, 0]
	]
},
"pins": {
	"fields": ["PIN_NO", "PIN_NAME", "PIN_X", "PIN_Y", "LAYER", "PIN_TYPE", "NET_NAME", "NET_TYPE", "PAD_SHAPE", "PAD_SIZEX", "PAD_SIZEY", "HOLE_SIZE", "HOLE_LEN", "PAD_ANGLE"],
	"rows": [
		[1, "BAT1_1", 2099.565, -285, "T", "DIP", "GND", "GND", "C", 62.992, 62.992, 40.158, 40.158, 90],
		[2, "BAT1_1", 2099.565, -285, "B", "DIP", "GND", "GND", "C", 62.992, 62.992, 40.158, 40.158, 90],
		[3, "BAT1_2", 2670.435, -285, "T", "DIP", "VIN", "", "C", 62.992, 62.992, 40.158, 40.158, 90],
		[4, "BAT1_2", 2670.435, -285, "B", "DIP", "VIN", "", "C", 62.992, 62.992, 40.158, 40.158, 90],
		[5, "C1_1", 3515.47, -1655, "T", "DIP", "+3.3V", "", "C", 47.244, 47.244, 31.496, 31.496, 90],
		[6, "C1_1", 3515.47, -1655, "B", "DIP", "+3.3V", "", "C", 47.244, 47.244, 31.496, 31.496, 90],
		[7, "C1_2", 3574.53, -1655, "T", "DIP", "GND", "GND", "C", 47.244, 47.244, 31.496, 31.496, 90],
		[8, "C1_2", 3574.53, -1655, "B", "DIP", "GND", "GND", "C", 47.244, 47.244, 31.496, 31.496, 90],
		[9, "C2_1", 4025, -1040, "T", "DIP", "GND", "GND", "C", 55.118, 55.118, 31.496, 31.496, 0],
		[10, "C2_1", 4025, -1040, "B", "DIP", "GND", "GND", "C", 55.118, 55.118, 31.496, 31.496, 0],
		[11, "C2_2", 4125, -1040, "T", "DIP", "+3.3V", "", "C", 55.118, 55.118, 31.496, 31.496, 0],
		[12, "C2_2", 4125, -1040, "B", "DIP", "+3.3V", "", "C", 55.118, 55.118, 31.496, 31.496, 0],
		[13, "C3_1", 155.47, -645, "T", "DIP", "VBAT", "", "C", 47.244, 47.244, 31.496, 31.496, 90],
		[14, "C3_1", 155.47, -645, "B", "DIP", "VBAT", "", "C", 47.244, 47.244, 31.496, 31.496, 90],
		[15, "C3_2", 214.53, -645, "T", "DIP", "GND", "GND", "C", 47.244, 47.244, 31.496, 31.496, 90],
		[16, "C3_2", 214.53, -645, "B", "DIP", "GND", "GND", "C", 47.244, 47.244, 31.496, 31.496, 90],
		[17, "C4_1", 1140.47, -1010, "T", "DIP", "+5V", "", "C", 47.244, 47.244, 31.496, 31.496, 90],
		[18, "C4_1", 1140.47, -1010, "B", "DIP", "+5V", "", "C", 47.244, 47.244, 31.496, 31.496, 90],
		[19, "C4_2", 1199.53, -1010, "T", "DIP", "GND", "GND", "C", 47.244, 47.244, 31.496, 31.496, 90],
		[20, "C4_2", 1199.53, -1010, "B", "DIP", "GND", "GND", "C", 47.244, 47.244, 31.496, 31.496, 90],
		[21, "C5_1", 3575.47, -1040, "T", "DIP", "VBAT", "", "C", 47.244, 47.244, 31.496, 31.496, 90],
		[22, "C5_1", 3575.47, -1040, "B", "DIP", "VBAT", "", "C", 47.244, 47.244, 31.496, 31.496, 90],
		[23, "C5_2", 3634.53, -1040, "T", "DIP", "GND", "GND", "C", 47.244, 47.244, 31.496, 31.496, 90],
		[24, "C5_2", 3634.53, -1040, "B", "DIP", "GND", "GND", "C", 47.244, 47.244, 31.496, 31.496, 90],
		[25, "C6_1", 3805.47, -1025, "T", "DIP", "+3.3V", "", "C", 47.244, 47.244, 31.496, 31.496, 90],
		[26, "C6_1", 3805.47, -1025, "B", "DIP", "+3.3V", "", "C", 47.244, 47.244, 31.496, 31.496, 90],
		[27, "C6_2", 3864.53, -1025, "T", "DIP", "GND", "GND", "C", 47.244, 47.244, 31.496, 31.496, 90],
		[28, "C6_2", 3864.53, -1025, "B", "DIP", "GND", "GND", "C", 47.244, 47.244, 31.496, 31.496, 90],
		[29, "H1_1", 2140, -90, "T", "DIP", "GND", "GND", "R", 70.866, 70.866, 47.244, 47.244, 0],
		[30, "H1_1", 2140, -90, "B", "DIP", "GND", "GND", "R", 70.866, 70.866, 47.244, 47.244, 0],
		[31, "H1_2", 2240, -90, "T", "DIP", "GPIO0", "", "C", 70.866, 70.866, 47.244, 47.244, 0],
		[32, "H1_2", 2240, -90, "B", "DIP", "GPIO0", "", "C", 70.866, 70.866, 47.244, 47.244, 0],
		[33, "H1_3", 2340, -90, "T", "DIP", "+3.3V", "", "C", 70.866, 70.866, 47.244, 47.244, 0],
		[34, "H1_3", 2340, -90, "B", "DIP", "+3.3V", "", "C", 70.866, 70.866, 47.244, 47.244, 0],
		[35, "H1_4", 2440, -90, "T", "DIP", "GND", "GND", "C", 70.866, 70.866, 47.244, 47.244, 0],
		[36, "H1_4", 2440, -90, "B", "DIP", "GND", "GND", "C", 70.866, 70.866, 47.244, 47.244, 0],
		[37, "H1_5", 2540, -90, "T", "DIP", "RX", "", "C", 70.866, 70.866, 47.244, 47.244, 0],
		[38, "H1_5", 2540, -90, "B", "DIP", "RX", "", "C", 70.866, 70.866, 47.244, 47.244, 0],
		[39, "H1_6", 2640, -90, "T", "DIP", "TX", "", "C", 70.866, 70.866, 47.244, 47.244, 0],
		[40, "H1_6", 2640, -90, "B", "DIP", "TX", "", "C", 70.866, 70.866, 47.244, 47.244, 0],
		[41, "H2_1", 4650, -2475, "T", "DIP", "SCLK", "", "R", 70.866, 70.866, 47.244, 47.244, 90],
		[42, "H2_1", 4650, -2475, "B", "DIP", "SCLK", "", "R", 70.866, 70.866, 47.244, 47.244, 90],
		[43, "H2_2", 4650, -2375, "T", "DIP", "MOSI", "", "C", 70.866, 70.866, 47.244, 47.244, 90],
		[44, "H2_2", 4650, -2375, "B", "DIP", "MOSI", "", "C", 70.866, 70.866, 47.244, 47.244, 90],
		[45, "H2_3", 4650, -2275, "T", "DIP", "GPIO10", "", "C", 70.866, 70.866, 47.244, 47.244, 90],
		[46, "H2_3", 4650, -2275, "B", "DIP", "GPIO10", "", "C", 70.866, 70.866, 47.244, 47.244, 90],
		[47, "H2_4", 4650, -2175, "T", "DIP", "GPIO9", "", "C", 70.866, 70.866, 47.244, 47.244, 90],
		[48, "H2_4", 4650, -2175, "B", "DIP", "GPIO9", "", "C", 70.866, 70.866, 47.244, 47.244, 90],
		[49, "H2_5", 4650, -2075, "T", "DIP", "MISO", "", "C", 70.866, 70.866, 47.244, 47.244, 90],
		[50, "H2_5", 4650, -2075, "B", "DIP", "MISO", "", "C", 70.866, 70.866, 47.244, 47.244, 90],
		[51, "H2_6", 4650, -1975, "T", "DIP", "CS0", "", "C", 70.866, 70.866, 47.244, 47.244, 90],
		[52, "H2_6", 4650, -1975, "B", "DIP", "CS0", "", "C", 70.866, 70.866, 47.244, 47.244, 90],
		[53, "R1_1", 3367.24, -1260, "T", "DIP", "+3.3V", "", "C", 51.181, 51.181, 31.496, 31.496, 0],
		[54, "R1_1", 3367.24, -1260, "B", "DIP", "+3.3V", "", "C", 51.181, 51.181, 31.496, 31.496, 0],
		[55, "R1_2", 3772.76, -1260, "T", "DIP", "GPIO0", "", "C", 51.181, 51.181, 31.496, 31.496, 0],
		[56, "R1_2", 3772.76, -1260, "B", "DIP", "GPIO0", "", "C", 51.181, 51.181, 31.496, 31.496, 0],
		[57, "R2_1", 3922.24, -1260, "T", "DIP", "+3.3V", "", "C", 51.181, 51.181, 31.496, 31.496, 0],
		[58, "R2_1", 3922.24, -1260, "B", "DIP", "+3.3V", "", "C", 51.181, 51.181, 31.496, 31.496, 0],
		[59, "R2_2", 4327.76, -1260, "T", "DIP", "EN", "", "C", 51.181, 51.181, 31.496, 31.496, 0],
		[60, "R2_2", 4327.76, -1260, "B", "DIP", "EN", "", "C", 51.181, 51.181, 31.496, 31.496, 0],
		[61, "R3_1", 3372.24, -1435, "T", "DIP", "+3.3V", "", "C", 51.181, 51.181, 31.496, 31.496, 0],
		[62, "R3_1", 3372.24, -1435, "B", "DIP", "+3.3V", "", "C", 51.181, 51.181, 31.496, 31.496, 0],
		[63, "R3_2", 3777.76, -1435, "T", "DIP", "RST", "", "C", 51.181, 51.181, 31.496, 31.496, 0],
		[64, "R3_2", 3777.76, -1435, "B", "DIP", "RST", "", "C", 51.181, 51.181, 31.496, 31.496, 0],
		[65, "R4_1", 3927.24, -1455, "T", "DIP", "GND", "GND", "C", 51.181, 51.181, 31.496, 31.496, 0],
		[66, "R4_1", 3927.24, -1455, "B", "DIP", "GND", "GND", "C", 51.181, 51.181, 31.496, 31.496, 0],
		[67, "R4_2", 4332.76, -1455, "T", "DIP", "GPIO15", "", "C", 51.181, 51.181, 31.496, 31.496, 0],
		[68, "R4_2", 4332.76, -1455, "B", "DIP", "GPIO15", "", "C", 51.181, 51.181, 31.496, 31.496, 0],
		[69, "R5_1", 422.24, -1305, "T", "DIP", "ADC", "", "C", 51.181, 51.181, 31.496, 31.496, 0],
		[70, "R5_1", 422.24, -1305, "B", "DIP", "ADC", "", "C", 51.181, 51.181, 31.496, 31.496, 0],
		[71, "R5_2", 827.76, -1305, "T", "DIP", "GND", "GND", "C", 51.181, 51.181, 31.496, 31.496, 0],
		[72, "R5_2", 827.76, -1305, "B", "DIP", "GND", "GND", "C", 51.181, 51.181, 31.496, 31.496, 0],
		[73, "R6_1", 992.24, -1315, "T", "DIP", "VBAT", "", "C", 51.181, 51.181, 31.496, 31.496, 0],
		[74, "R6_1", 992.24, -1315, "B", "DIP", "VBAT", "", "C", 51.181, 51.181, 31.496, 31.496, 0],
		[75, "R6_2", 1397.76, -1315, "T", "DIP", "ADC", "", "C", 51.181, 51.181, 31.496, 31.496, 0],
		[76, "R6_2", 1397.76, -1315, "B", "DIP", "ADC", "", "C", 51.181, 51.181, 31.496, 31.496, 0],
		[77, "R7_1", 417.24, -1475, "T", "DIP", "GND", "GND", "C", 51.181, 51.181, 31.496, 31.496, 0],
		[78, "R7_1", 417.24, -1475, "B", "DIP", "GND", "GND", "C", 51.181, 51.181, 31.496, 31.496, 0],
		[79, "R7_2", 822.76, -1475, "T", "DIP", "GPIO16", "", "C", 51.181, 51.181, 31.496, 31.496, 0],
		[80, "R7_2", 822.76, -1475, "B", "DIP", "GPIO16", "", "C", 51.181, 51.181, 31.496, 31.496, 0],
		[81, "R8_1", 417.24, -1650, "T", "DIP", "GND", "GND", "C", 51.181, 51.181, 31.496, 31.496, 0],
		[82, "R8_1", 417.24, -1650, "B", "DIP", "GND", "GND", "C", 51.181, 51.181, 31.496, 31.496, 0],
		[83, "R8_2", 822.76, -1650, "T", "DIP", "GPIO14", "", "C", 51.181, 51.181, 31.496, 31.496, 0],
		[84, "R8_2", 822.76, -1650, "B", "DIP", "GPIO14", "", "C", 51.181, 51.181, 31.496, 31.496, 0],
		[85, "R9_1", 412.24, -1820, "T", "DIP", "GND", "GND", "C", 51.181, 51.181, 31.496, 31.496, 0],
		[86, "R9_1", 412.24, -1820, "B", "DIP", "GND", "GND", "C", 51.181, 51.181, 31.496, 31.496, 0],
		[87, "R9_2", 817.76, -1820, "T", "DIP", "GPIO12", "", "C", 51.181, 51.181, 31.496, 31.496, 0],
		[88, "R9_2", 817.76, -1820, "B", "DIP", "GPIO12", "", "C", 51.181, 51.181, 31.496, 31.496, 0],
		[89, "R10_1", 997.24, -1490, "T", "DIP", "GND", "GND", "C", 51.181, 51.181, 31.496, 31.496, 0],
		[90, "R10_1", 997.24, -1490, "B", "DIP", "GND", "GND", "C", 51.181, 51.181, 31.496, 31.496, 0],
		[91, "R10_2", 1402.76, -1490, "T", "DIP", "GPIO13", "", "C", 51.181, 51.181, 31.496, 31.496, 0],
		[92, "R10_2", 1402.76, -1490, "B", "DIP", "GPIO13", "", "C", 51.181, 51.181, 31.496, 31.496, 0],
		[93, "R11_1", 1002.24, -1655, "T", "DIP", "SCL", "", "C", 51.181, 51.181, 31.496, 31.496, 0],
		[94, "R11_1", 1002.24, -1655, "B", "DIP", "SCL", "", "C", 51.181, 51.181, 31.496, 31.496, 0],
		[95, "R11_2", 1407.76, -1655, "T", "DIP", "+3.3V", "", "C", 51.181, 51.181, 31.496, 31.496, 0],
		[96, "R11_2", 1407.76, -1655, "B", "DIP", "+3.3V", "", "C", 51.181, 51.181, 31.496, 31.496, 0],
		[97, "R12_1", 992.24, -1815, "T", "DIP", "SDA", "", "C", 51.181, 51.181, 31.496, 31.496, 0],
		[98, "R12_1", 992.24, -1815, "B", "DIP", "SDA", "", "C", 51.181, 51.181, 31.496, 31.496, 0],
		[99, "R12_2", 1397.76, -1815, "T", "DIP", "+3.3V", "", "C", 51.181, 51.181, 31.496, 31.496, 0],
		[100, "R12_2", 1397.76, -1815, "B", "DIP", "+3.3V", "", "C", 51.181, 51.181, 31.496, 31.496, 0],
		[101, "SW1_1", 4620, -598.74, "T", "DIP", "NET_1", "", "O", 62.99, 62.992, 39.37, 39.37, 270],
		[102, "SW1_1", 4620, -598.74, "B", "DIP", "NET_1", "", "O", 62.99, 62.992, 39.37, 39.37, 270],
		[103, "SW1_2", 4620, -520, "T", "DIP", "VIN", "", "O", 62.99, 62.992, 39.37, 39.37, 270],
		[104, "SW1_2", 4620, -520, "B", "DIP", "VIN", "", "O", 62.99, 62.992, 39.37, 39.37, 270],
		[105, "SW1_3", 4620, -441.26, "T", "DIP", "VBAT", "", "O", 62.99, 62.992, 39.37, 39.37, 270],
		[106, "SW1_3", 4620, -441.26, "B", "DIP", "VBAT", "", "O", 62.99, 62.992, 39.37, 39.37, 270],
		[107, "SW1_4", 4620, -356.61, "T", "DIP", "GND", "GND", "O", 118.11, 78.74, 39.37, 70.866, 0],
		[108, "SW1_4", 4620, -356.61, "B", "DIP", "GND", "GND", "O", 118.11, 78.74, 39.37, 70.866, 0],
		[109, "SW1_5", 4620, -683.39, "T", "DIP", "GND", "GND", "O", 118.11, 78.74, 39.37, 70.866, 0],
		[110, "SW1_5", 4620, -683.39, "B", "DIP", "GND", "GND", "O", 118.11, 78.74, 39.37, 70.866, 0],
		[111, "U1_1", 4152.3, -2401.205, "T", "SMD", "RST", "", "R", 98.425, 55.118, 0, 0, 180],
		[112, "U1_2", 4152.3, -2322.465, "T", "SMD", "ADC", "", "R", 98.425, 55.118, 0, 0, 180],
		[113, "U1_3", 4152.3, -2243.725, "T", "SMD", "EN", "", "R", 98.425, 55.118, 0, 0, 180],
		[114, "U1_4", 4152.3, -2164.985, "T", "SMD", "GPIO16", "", "R", 98.425, 55.118, 0, 0, 180],
		[115, "U1_5", 4152.3, -2086.245, "T", "SMD", "GPIO14", "", "R", 98.425, 55.118, 0, 0, 180],
		[116, "U1_6", 4152.3, -2007.505, "T", "SMD", "GPIO12", "", "R", 98.425, 55.118, 0, 0, 180],
		[117, "U1_7", 4152.3, -1928.765, "T", "SMD", "GPIO13", "", "R", 98.425, 55.118, 0, 0, 180],
		[118, "U1_8", 4152.27, -1850.025, "T", "SMD", "+3.3V", "", "R", 98.425, 55.118, 0, 0, 180],
		[119, "U1_9", 3557.81, -1850.025, "T", "SMD", "GND", "GND", "R", 98.425, 55.118, 0, 0, 0],
		[120, "U1_10", 3557.75, -1928.765, "T", "SMD", "GPIO15", "", "R", 98.425, 55.118, 0, 0, 0],
		[121, "U1_11", 3557.7, -2007.505, "T", "SMD", "GPIO2", "", "R", 98.425, 55.118, 0, 0, 0],
		[122, "U1_12", 3557.73, -2086.245, "T", "SMD", "GPIO0", "", "R", 98.425, 55.118, 0, 0, 0],
		[123, "U1_13", 3557.76, -2164.985, "T", "SMD", "SDA", "", "R", 98.425, 55.118, 0, 0, 0],
		[124, "U1_14", 3557.73, -2243.725, "T", "SMD", "SCL", "", "R", 98.425, 55.118, 0, 0, 0],
		[125, "U1_15", 3557.74, -2322.465, "T", "SMD", "RX", "", "R", 98.425, 55.118, 0, 0, 0],
		[126, "U1_16", 3557.73, -2401.205, "T", "SMD", "TX", "", "R", 98.425, 55.118, 0, 0, 0],
		[127, "U1_17", 4051.85, -1798.795, "T", "SMD", "CS0", "", "R", 66.929, 55.118, 0, 0, 270],
		[128, "U1_18", 3973.19, -1798.855, "T", "SMD", "MISO", "", "R", 66.929, 55.118, 0, 0, 270],
		[129, "U1_19", 3894.5, -1798.835, "T", "SMD", "GPIO9", "", "R", 66.929, 55.118, 0, 0, 270],
		[130, "U1_20", 3815.73, -1798.835, "T", "SMD", "GPIO10", "", "R", 66.929, 55.118, 0, 0, 270],
		[131, "U1_21", 3737.02, -1798.835, "T", "SMD", "MOSI", "", "R", 66.929, 55.118, 0, 0, 270],
		[132, "U1_22", 3658.28, -1798.805, "T", "SMD", "SCLK", "", "R", 66.929, 55.118, 0, 0, 270],
		[133, "U2_1", 243.58, -2437.05, "T", "DIP", "+3.3V", "", "C", 70.866, 70.866, 47.244, 47.244, 270],
		[134, "U2_1", 243.58, -2437.05, "B", "DIP", "+3.3V", "", "C", 70.866, 70.866, 47.244, 47.244, 270],
		[135, "U2_2", 243.58, -2692.95, "T", "DIP", "NET_2", "", "C", 70.866, 70.866, 47.244, 47.244, 270],
		[136, "U2_2", 243.58, -2692.95, "B", "DIP", "NET_2", "", "C", 70.866, 70.866, 47.244, 47.244, 270],
		[137, "U2_3", 66.42, -2437.05, "T", "DIP", "GPIO15", "", "C", 70.866, 70.866, 47.244, 47.244, 270],
		[138, "U2_3", 66.42, -2437.05, "B", "DIP", "GPIO15", "", "C", 70.866, 70.866, 47.244, 47.244, 270],
		[139, "U2_4", 66.42, -2692.95, "T", "DIP", "NET_3", "", "C", 70.866, 70.866, 47.244, 47.244, 270],
		[140, "U2_4", 66.42, -2692.95, "B", "DIP", "NET_3", "", "C", 70.866, 70.866, 47.244, 47.244, 270],
		[141, "U3_1", 233.58, -72.05, "T", "DIP", "GND", "GND", "C", 70.866, 70.866, 47.244, 47.244, 270],
		[142, "U3_1", 233.58, -72.05, "B", "DIP", "GND", "GND", "C", 70.866, 70.866, 47.244, 47.244, 270],
		[143, "U3_2", 233.58, -327.95, "T", "DIP", "NET_4", "", "C", 70.866, 70.866, 47.244, 47.244, 270],
		[144, "U3_2", 233.58, -327.95, "B", "DIP", "NET_4", "", "C", 70.866, 70.866, 47.244, 47.244, 270],
		[145, "U3_3", 56.42, -72.05, "T", "DIP", "GPIO2", "", "C", 70.866, 70.866, 47.244, 47.244, 270],
		[146, "U3_3", 56.42, -72.05, "B", "DIP", "GPIO2", "", "C", 70.866, 70.866, 47.244, 47.244, 270],
		[147, "U3_4", 56.42, -327.95, "T", "DIP", "NET_5", "", "C", 70.866, 70.866, 47.244, 47.244, 270],
		[148, "U3_4", 56.42, -327.95, "B", "DIP", "NET_5", "", "C", 70.866, 70.866, 47.244, 47.244, 270],
		[149, "U4_1", 1970, -85, "T", "DIP", "GND", "GND", "R", 66.929, 66.929, 43.308, 43.308, 180],
		[150, "U4_1", 1970, -85, "B", "DIP", "GND", "GND", "R", 66.929, 66.929, 43.308, 43.308, 180],
		[151, "U4_2", 1870, -85, "T", "DIP", "+5V", "", "C", 66.929, 66.929, 43.308, 43.308, 180],
		[152, "U4_2", 1870, -85, "B", "DIP", "+5V", "", "C", 66.929, 66.929, 43.308, 43.308, 180],
		[153, "U4_3", 1770, -85, "T", "DIP", "GPIO16", "", "C", 66.929, 66.929, 43.308, 43.308, 180],
		[154, "U4_3", 1770, -85, "B", "DIP", "GPIO16", "", "C", 66.929, 66.929, 43.308, 43.308, 180],
		[155, "U5_1", 3000, -85, "T", "DIP", "GND", "GND", "R", 66.929, 66.929, 43.308, 43.308, 180],
		[156, "U5_1", 3000, -85, "B", "DIP", "GND", "GND", "R", 66.929, 66.929, 43.308, 43.308, 180],
		[157, "U5_2", 2900, -85, "T", "DIP", "+5V", "", "C", 66.929, 66.929, 43.308, 43.308, 180],
		[158, "U5_2", 2900, -85, "B", "DIP", "+5V", "", "C", 66.929, 66.929, 43.308, 43.308, 180],
		[159, "U5_3", 2800, -85, "T", "DIP", "GPIO14", "", "C", 66.929, 66.929, 43.308, 43.308, 180],
		[160, "U5_3", 2800, -85, "B", "DIP", "GPIO14", "", "C", 66.929, 66.929, 43.308, 43.308, 180],
		[161, "U6_1", 1905, -2665, "T", "DIP", "GND", "GND", "R", 66.929, 66.929, 43.308, 43.308, 180],
		[162, "U6_1", 1905, -2665, "B", "DIP", "GND", "GND", "R", 66.929, 66.929, 43.308, 43.308, 180],
		[163, "U6_2", 1805, -2665, "T", "DIP", "+5V", "", "C", 66.929, 66.929, 43.308, 43.308, 180],
		[164, "U6_2", 1805, -2665, "B", "DIP", "+5V", "", "C", 66.929, 66.929, 43.308, 43.308, 180],
		[165, "U6_3", 1705, -2665, "T", "DIP", "GPIO12", "", "C", 66.929, 66.929, 43.308, 43.308, 180],
		[166, "U6_3", 1705, -2665, "B", "DIP", "GPIO12", "", "C", 66.929, 66.929, 43.308, 43.308, 180],
		[167, "U7_1", 2990, -2660, "T", "DIP", "GND", "GND", "R", 66.929, 66.929, 43.308, 43.308, 180],
		[168, "U7_1", 2990, -2660, "B", "DIP", "GND", "GND", "R", 66.929, 66.929, 43.308, 43.308, 180],
		[169, "U7_2", 2890, -2660, "T", "DIP", "+5V", "", "C", 66.929, 66.929, 43.308, 43.308, 180],
		[170, "U7_2", 2890, -2660, "B", "DIP", "+5V", "", "C", 66.929, 66.929, 43.308, 43.308, 180],
		[171, "U7_3", 2790, -2660, "T", "DIP", "GPIO13", "", "C", 66.929, 66.929, 43.308, 43.308, 180],
		[172, "U7_3", 2790, -2660, "B", "DIP", "GPIO13", "", "C", 66.929, 66.929, 43.308, 43.308, 180],
		[173, "U8_1", 1011.61, -785.55, "T", "SMD", "GND", "GND", "R", 97.244, 38.583, 0, 0, 0],
		[174, "U8_2", 1011.61, -695, "T", "SMD", "+5V", "", "R", 97.244, 38.583, 0, 0, 0],
		[175, "U8_3", 1011.61, -604.45, "T", "SMD", "VBAT", "", "R", 97.244, 38.583, 0, 0, 0],
		[176, "U8_4", 788.39, -695, "T", "SMD", "+5V", "", "R", 97.244, 141.732, 0, 0, 0],
		[177, "U9_1", 3911.61, -515.55, "T", "SMD", "GND", "GND", "R", 97.244, 38.583, 0, 0, 0],
		[178, "U9_2", 3911.61, -425, "T", "SMD", "+5V", "", "R", 97.244, 38.583, 0, 0, 0],
		[179, "U9_3", 3911.61, -334.45, "T", "SMD", "VBAT", "", "R", 97.244, 38.583, 0, 0, 0],
		[180, "U9_4", 3688.39, -425, "T", "SMD", "+3.3V", "", "R", 97.244, 141.732, 0, 0, 0],
		[181, "U10_1", 90, -1535, "T", "DIP", "GND", "GND", "C", 70.866, 70.866, 41.338, 41.338, 90],
		[182, "U10_1", 90, -1535, "B", "DIP", "GND", "GND", "C", 70.866, 70.866, 41.338, 41.338, 90],
		[183, "U10_2", 90, -1435, "T", "DIP", "+3.3V", "", "C", 70.866, 70.866, 41.338, 41.338, 90],
		[184, "U10_2", 90, -1435, "B", "DIP", "+3.3V", "", "C", 70.866, 70.866, 41.338, 41.338, 90],
		[185, "U10_3", 90, -1335, "T", "DIP", "SCL", "", "C", 70.866, 70.866, 41.338, 41.338, 90],
		[186, "U10_3", 90, -1335, "B", "DIP", "SCL", "", "C", 70.866, 70.866, 41.338, 41.338, 90],
		[187, "U10_4", 90, -1235, "T", "DIP", "SDA", "", "C", 70.866, 70.866, 41.338, 41.338, 90],
		[188, "U10_4", 90, -1235, "B", "DIP", "SDA", "", "C", 70.866, 70.866, 41.338, 41.338, 90],
		[189, "U11_1", 2255, -2660, "T", "DIP", "+5V", "", "R", 66.929, 66.929, 43.308, 43.308, 0],
		[190, "U11_1", 2255, -2660, "B", "DIP", "+5V", "", "R", 66.929, 66.929, 43.308, 43.308, 0],
		[191, "U11_2", 2355, -2660, "T", "DIP", "VIN", "", "C", 66.929, 66.929, 43.308, 43.308, 0],
		[192, "U11_2", 2355, -2660, "B", "DIP", "VIN", "", "C", 66.929, 66.929, 43.308, 43.308, 0],
		[193, "U11_3", 2455, -2660, "T", "DIP", "GND", "GND", "C", 66.929, 66.929, 43.308, 43.308, 0],
		[194, "U11_3", 2455, -2660, "B", "DIP", "GND", "GND", "C", 66.929, 66.929, 43.308, 43.308, 0],
		[195, "PAD1_1", 90, -1535, "T", "DIP", "GND", "GND", "C", 70.866, 70.866, 41.338, 41.338, 90],
		[196, "PAD1_1", 90, -1535, "B", "DIP", "GND", "GND", "C", 70.866, 70.866, 41.338, 41.338, 90],
		[197, "PAD2_2", 90, -1435, "T", "DIP", "+3.3V", "", "C", 70.866, 70.866, 41.338, 41.338, 90],
		[198, "PAD2_2", 90, -1435, "B", "DIP", "+3.3V", "", "C", 70.866, 70.866, 41.338, 41.338, 90],
		[199, "PAD3_3", 90, -1335, "T", "DIP", "SCL", "", "C", 70.866, 70.866, 41.338, 41.338, 90],
		[200, "PAD3_3", 90, -1335, "B", "DIP", "SCL", "", "C", 70.866, 70.866, 41.338, 41.338, 90],
		[201, "PAD4_4", 90, -1235, "T", "DIP", "SDA", "", "C", 70.866, 70.866, 41.338, 41.338, 90],
		[202, "PAD4_4", 90, -1235, "B", "DIP", "SDA", "", "C", 70.866, 70.866, 41.338, 41.338, 90],
		[203, "PAD5_1", 243.58, -2437.05, "T", "DIP", "+3.3V", "", "C", 70.866, 70.866, 47.244, 47.244, 270],
		[204, "PAD5_1", 243.58, -2437.05, "B", "DIP", "+3.3V", "", "C", 70.866, 70.866, 47.244, 47.244, 270],
		[205, "PAD6_3", 66.42, -2437.05, "T", "DIP", "GPIO15", "", "C", 70.866, 70.866, 47.244, 47.244, 270],
		[206, "PAD6_3", 66.42, -2437.05, "B", "DIP", "GPIO15", "", "C", 70.866, 70.866, 47.244, 47.244, 270],
		[207, "PAD7_1", 233.58, -72.05, "T", "DIP", "GND", "GND", "C", 70.866, 70.866, 47.244, 47.244, 270],
		[208, "PAD7_1", 233.58, -72.05, "B", "DIP", "GND", "GND", "C", 70.866, 70.866, 47.244, 47.244, 270],
		[209, "PAD8_3", 56.42, -72.05, "T", "DIP", "GPIO2", "", "C", 70.866, 70.866, 47.244, 47.244, 270],
		[210, "PAD8_3", 56.42, -72.05, "B", "DIP", "GPIO2", "", "C", 70.866, 70.866, 47.244, 47.244, 270],
		[211, "PAD9_1", 3922.24, -1260, "T", "DIP", "+3.3V", "", "C", 51.181, 51.181, 31.496, 31.496, 0],
		[212, "PAD9_1", 3922.24, -1260, "B", "DIP", "+3.3V", "", "C", 51.181, 51.181, 31.496, 31.496, 0],
		[213, "PAD10_2", 4327.76, -1260, "T", "DIP", "EN", "", "C", 51.181, 51.181, 31.496, 31.496, 0],
		[214, "PAD10_2", 4327.76, -1260, "B", "DIP", "EN", "", "C", 51.181, 51.181, 31.496, 31.496, 0],
		[215, "PAD11_1", 3927.24, -1455, "T", "DIP", "GND", "GND", "C", 51.181, 51.181, 31.496, 31.496, 0],
		[216, "PAD11_1", 3927.24, -1455, "B", "DIP", "GND", "GND", "C", 51.181, 51.181, 31.496, 31.496, 0],
		[217, "PAD12_2", 4332.76, -1455, "T", "DIP", "GPIO15", "", "C", 51.181, 51.181, 31.496, 31.496, 0],
		[218, "PAD12_2", 4332.76, -1455, "B", "DIP", "GPIO15", "", "C", 51.181, 51.181, 31.496, 31.496, 0],
		[219, "PAD13_1", 417.24, -1475, "T", "DIP", "GND", "GND", "C", 51.181, 51.181, 31.496, 31.496, 0],
		[220, "PAD13_1", 417.24, -1475, "B", "DIP", "GND", "GND", "C", 51.181, 51.181, 31.496, 31.496, 0],
		[221, "PAD14_2", 822.76, -1475, "T", "DIP", "GPIO16", "", "C", 51.181, 51.181, 31.496, 31.496, 0],
		[222, "PAD14_2", 822.76, -1475, "B", "DIP", "GPIO16", "", "C", 51.181, 51.181, 31.496, 31.496, 0],
		[223, "PAD15_1", 1002.24, -1655, "T", "DIP", "SCL", "", "C", 51.181, 51.181, 31.496, 31.496, 0],
		[224, "PAD15_1", 1002.24, -1655, "B", "DIP", "SCL", "", "C", 51.181, 51.181, 31.496, 31.496, 0],
		[225, "PAD16_2", 1407.76, -1655, "T", "DIP", "+3.3V", "", "C", 51.181, 51.181, 31.496, 31.496, 0],
		[226, "PAD16_2", 1407.76, -1655, "B", "DIP", "+3.3V", "", "C", 51.181, 51.181, 31.496, 31.496, 0],
		[227, "PAD17_1", 422.24, -1305, "T", "DIP", "ADC", "", "C", 51.181, 51.181, 31.496, 31.496, 0],
		[228, "PAD17_1", 422.24, -1305, "B", "DIP", "ADC", "", "C", 51.181, 51.181, 31.496, 31.496, 0],
		[229, "PAD18_2", 827.76, -1305, "T", "DIP", "GND", "GND", "C", 51.181, 51.181, 31.496, 31.496, 0],
		[230, "PAD18_2", 827.76, -1305, "B", "DIP", "GND", "GND", "C", 51.181, 51.181, 31.496, 31.496, 0],
		[231, "PAD19_1", 3372.24, -1435, "T", "DIP", "+3.3V", "", "C", 51.181, 51.181, 31.496, 31.496, 0],
		[232, "PAD19_1", 3372.24, -1435, "B", "DIP", "+3.3V", "", "C", 51.181, 51.181, 31.496, 31.496, 0],
		[233, "PAD20_2", 3777.76, -1435, "T", "DIP", "RST", "", "C", 51.181, 51.181, 31.496, 31.496, 0],
		[234, "PAD20_2", 3777.76, -1435, "B", "DIP", "RST", "", "C", 51.181, 51.181, 31.496, 31.496, 0],
		[235, "PAD21_1", 4025, -1040, "T", "DIP", "GND", "GND", "C", 55.118, 55.118, 31.496, 31.496, 0],
		[236, "PAD21_1", 4025, -1040, "B", "DIP", "GND", "GND", "C", 55.118, 55.118, 31.496, 31.496, 0],
		[237, "PAD22_2", 4125, -1040, "T", "DIP", "+3.3V", "", "C", 55.118, 55.118, 31.496, 31.496, 0],
		[238, "PAD22_2", 4125, -1040, "B", "DIP", "+3.3V", "", "C", 55.118, 55.118, 31.496, 31.496, 0],
		[239, "PAD23_1", 1905, -2665, "T", "DIP", "GND", "GND", "R", 66.929, 66.929, 43.308, 43.308, 180],
		[240, "PAD23_1", 1905, -2665, "B", "DIP", "GND", "GND", "R", 66.929, 66.929, 43.308, 43.308, 180],
		[241, "PAD24_2", 1805, -2665, "T", "DIP", "+5V", "", "C", 66.929, 66.929, 43.308, 43.308, 180],
		[242, "PAD24_2", 1805, -2665, "B", "DIP", "+5V", "", "C", 66.929, 66.929, 43.308, 43.308, 180],
		[243, "PAD25_3", 1705, -2665, "T", "DIP", "GPIO12", "", "C", 66.929, 66.929, 43.308, 43.308, 180],
		[244, "PAD25_3", 1705, -2665, "B", "DIP", "GPIO12", "", "C", 66.929, 66.929, 43.308, 43.308, 180],
		[245, "PAD26_1", 412.24, -1820, "T", "DIP", "GND", "GND", "C", 51.181, 51.181, 31.496, 31.496, 0],
		[246, "PAD26_1", 412.24, -1820, "B", "DIP", "GND", "GND", "C", 51.181, 51.181, 31.496, 31.496, 0],
		[247, "PAD27_2", 817.76, -1820, "T", "DIP", "GPIO12", "", "C", 51.181, 51.181, 31.496, 31.496, 0],
		[248, "PAD27_2", 817.76, -1820, "B", "DIP", "GPIO12", "", "C", 51.181, 51.181, 31.496, 31.496, 0],
		[249, "PAD28_1", 992.24, -1315, "T", "DIP", "VBAT", "", "C", 51.181, 51.181, 31.496, 31.496, 0],
		[250, "PAD28_1", 992.24, -1315, "B", "DIP", "VBAT", "", "C", 51.181, 51.181, 31.496, 31.496, 0],
		[251, "PAD29_2", 1397.76, -1315, "T", "DIP", "ADC", "", "C", 51.181, 51.181, 31.496, 31.496, 0],
		[252, "PAD29_2", 1397.76, -1315, "B", "DIP", "ADC", "", "C", 51.181, 51.181, 31.496, 31.496, 0],
		[253, "PAD30_1", 1970, -85, "T", "DIP", "GND", "GND", "R", 66.929, 66.929, 43.308, 43.308, 180],
		[254, "PAD30_1", 1970, -85, "B", "DIP", "GND", "GND", "R", 66.929, 66.929, 43.308, 43.308, 180],
		[255, "PAD31_2", 1870, -85, "T", "DIP", "+5V", "", "C", 66.929, 66.929, 43.308, 43.308, 180],
		[256, "PAD31_2", 1870, -85, "B", "DIP", "+5V", "", "C", 66.929, 66.929, 43.308, 43.308, 180],
		[257, "PAD32_3", 1770, -85, "T", "DIP", "GPIO16", "", "C", 66.929, 66.929, 43.308, 43.308, 180],
		[258, "PAD32_3", 1770, -85, "B", "DIP", "GPIO16", "", "C", 66.929, 66.929, 43.308, 43.308, 180],
		[259, "PAD33_2", 3574.53, -1655, "T", "DIP", "GND", "GND", "C", 47.244, 47.244, 31.496, 31.496, 90],
		[260, "PAD33_2", 3574.53, -1655, "B", "DIP", "GND", "GND", "C", 47.244, 47.244, 31.496, 31.496, 90],
		[261, "PAD34_1", 3515.47, -1655, "T", "DIP", "+3.3V", "", "C", 47.244, 47.244, 31.496, 31.496, 90],
		[262, "PAD34_1", 3515.47, -1655, "B", "DIP", "+3.3V", "", "C", 47.244, 47.244, 31.496, 31.496, 90],
		[263, "PAD35_2", 214.53, -645, "T", "DIP", "GND", "GND", "C", 47.244, 47.244, 31.496, 31.496, 90],
		[264, "PAD35_2", 214.53, -645, "B", "DIP", "GND", "GND", "C", 47.244, 47.244, 31.496, 31.496, 90],
		[265, "PAD36_1", 155.47, -645, "T", "DIP", "VBAT", "", "C", 47.244, 47.244, 31.496, 31.496, 90],
		[266, "PAD36_1", 155.47, -645, "B", "DIP", "VBAT", "", "C", 47.244, 47.244, 31.496, 31.496, 90],
		[267, "PAD37_1", 997.24, -1490, "T", "DIP", "GND", "GND", "C", 51.181, 51.181, 31.496, 31.496, 0],
		[268, "PAD37_1", 997.24, -1490, "B", "DIP", "GND", "GND", "C", 51.181, 51.181, 31.496, 31.496, 0],
		[269, "PAD38_2", 1402.76, -1490, "T", "DIP", "GPIO13", "", "C", 51.181, 51.181, 31.496, 31.496, 0],
		[270, "PAD38_2", 1402.76, -1490, "B", "DIP", "GPIO13", "", "C", 51.181, 51.181, 31.496, 31.496, 0],
		[271, "PAD39_1", 2099.565, -285, "T", "DIP", "GND", "GND", "C", 62.992, 62.992, 40.158, 40.158, 90],
		[272, "PAD39_1", 2099.565, -285, "B", "DIP", "GND", "GND", "C", 62.992, 62.992, 40.158, 40.158, 90],
		[273, "PAD40_2", 2670.435, -285, "T", "DIP", "VIN", "", "C", 62.992, 62.992, 40.158, 40.158, 90],
		[274, "PAD40_2", 2670.435, -285, "B", "DIP", "VIN", "", "C", 62.992, 62.992, 40.158, 40.158, 90],
		[275, "PAD41_1", 3367.24, -1260, "T", "DIP", "+3.3V", "", "C", 51.181, 51.181, 31.496, 31.496, 0],
		[276, "PAD41_1", 3367.24, -1260, "B", "DIP", "+3.3V", "", "C", 51.181, 51.181, 31.496, 31.496, 0],
		[277, "PAD42_2", 3772.76, -1260, "T", "DIP", "GPIO0", "", "C", 51.181, 51.181, 31.496, 31.496, 0],
		[278, "PAD42_2", 3772.76, -1260, "B", "DIP", "GPIO0", "", "C", 51.181, 51.181, 31.496, 31.496, 0],
		[279, "PAD43_6", 4650, -1975, "T", "DIP", "CS0", "", "C", 70.866, 70.866, 47.244, 47.244, 90],
		[280, "PAD43_6", 4650, -1975, "B", "DIP", "CS0", "", "C", 70.866, 70.866, 47.244, 47.244, 90],
		[281, "PAD44_5", 4650, -2075, "T", "DIP", "MISO", "", "C", 70.866, 70.866, 47.244, 47.244, 90],
		[282, "PAD44_5", 4650, -2075, "B", "DIP", "MISO", "", "C", 70.866, 70.866, 47.244, 47.244, 90],
		[283, "PAD45_4", 4650, -2175, "T", "DIP", "GPIO9", "", "C", 70.866, 70.866, 47.244, 47.244, 90],
		[284, "PAD45_4", 4650, -2175, "B", "DIP", "GPIO9", "", "C", 70.866, 70.866, 47.244, 47.244, 90],
		[285, "PAD46_3", 4650, -2275, "T", "DIP", "GPIO10", "", "C", 70.866, 70.866, 47.244, 47.244, 90],
		[286, "PAD46_3", 4650, -2275, "B", "DIP", "GPIO10", "", "C", 70.866, 70.866, 47.244, 47.244, 90],
		[287, "PAD47_2", 4650, -2375, "T", "DIP", "MOSI", "", "C", 70.866, 70.866, 47.244, 47.244, 90],
		[288, "PAD47_2", 4650, -2375, "B", "DIP", "MOSI", "", "C", 70.866, 70.866, 47.244, 47.244, 90],
		[289, "PAD48_1", 4650, -2475, "T", "DIP", "SCLK", "", "R", 70.866, 70.866, 47.244, 47.244, 90],
		[290, "PAD48_1", 4650, -2475, "B", "DIP", "SCLK", "", "R", 70.866, 70.866, 47.244, 47.244, 90],
		[291, "PAD49_6", 2640, -90, "T", "DIP", "TX", "", "C", 70.866, 70.866, 47.244, 47.244, 0],
		[292, "PAD49_6", 2640, -90, "B", "DIP", "TX", "", "C", 70.866, 70.866, 47.244, 47.244, 0],
		[293, "PAD50_5", 2540, -90, "T", "DIP", "RX", "", "C", 70.866, 70.866, 47.244, 47.244, 0],
		[294, "PAD50_5", 2540, -90, "B", "DIP", "RX", "", "C", 70.866, 70.866, 47.244, 47.244, 0],
		[295, "PAD51_4", 2440, -90, "T", "DIP", "GND", "GND", "C", 70.866, 70.866, 47.244, 47.244, 0],
		[296, "PAD51_4", 2440, -90, "B", "DIP", "GND", "GND", "C", 70.866, 70.866, 47.244, 47.244, 0],
		[297, "PAD52_3", 2340, -90, "T", "DIP", "+3.3V", "", "C", 70.866, 70.866, 47.244, 47.244, 0],
		[298, "PAD52_3", 2340, -90, "B", "DIP", "+3.3V", "", "C", 70.866, 70.866, 47.244, 47.244, 0],
		[299, "PAD53_2", 2240, -90, "T", "DIP", "GPIO0", "", "C", 70.866, 70.866, 47.244, 47.244, 0],
		[300, "PAD53_2", 2240, -90, "B", "DIP", "GPIO0", "", "C", 70.866, 70.866, 47.244, 47.244, 0],
		[301, "PAD54_1", 2140, -90, "T", "DIP", "GND", "GND", "R", 70.866, 70.866, 47.244, 47.244, 0],
		[302, "PAD54_1", 2140, -90, "B", "DIP", "GND", "GND", "R", 70.866, 70.866, 47.244, 47.244, 0],
		[303, "PAD55_2", 1199.53, -1010, "T", "DIP", "GND", "GND", "C", 47.244, 47.244, 31.496, 31.496, 90],
		[304, "PAD55_2", 1199.53, -1010, "B", "DIP", "GND", "GND", "C", 47.244, 47.244, 31.496, 31.496, 90],
		[305, "PAD56_1", 1140.47, -1010, "T", "DIP", "+5V", "", "C", 47.244, 47.244, 31.496, 31.496, 90],
		[306, "PAD56_1", 1140.47, -1010, "B", "DIP", "+5V", "", "C", 47.244, 47.244, 31.496, 31.496, 90],
		[307, "PAD57_2", 3634.53, -1040, "T", "DIP", "GND", "GND", "C", 47.244, 47.244, 31.496, 31.496, 90],
		[308, "PAD57_2", 3634.53, -1040, "B", "DIP", "GND", "GND", "C", 47.244, 47.244, 31.496, 31.496, 90],
		[309, "PAD58_1", 3575.47, -1040, "T", "DIP", "VBAT", "", "C", 47.244, 47.244, 31.496, 31.496, 90],
		[310, "PAD58_1", 3575.47, -1040, "B", "DIP", "VBAT", "", "C", 47.244, 47.244, 31.496, 31.496, 90],
		[311, "PAD59_1", 2990, -2660, "T", "DIP", "GND", "GND", "R", 66.929, 66.929, 43.308, 43.308, 180],
		[312, "PAD59_1", 2990, -2660, "B", "DIP", "GND", "GND", "R", 66.929, 66.929, 43.308, 43.308, 180],
		[313, "PAD60_2", 2890, -2660, "T", "DIP", "+5V", "", "C", 66.929, 66.929, 43.308, 43.308, 180],
		[314, "PAD60_2", 2890, -2660, "B", "DIP", "+5V", "", "C", 66.929, 66.929, 43.308, 43.308, 180],
		[315, "PAD61_3", 2790, -2660, "T", "DIP", "GPIO13", "", "C", 66.929, 66.929, 43.308, 43.308, 180],
		[316, "PAD61_3", 2790, -2660, "B", "DIP", "GPIO13", "", "C", 66.929, 66.929, 43.308, 43.308, 180],
		[317, "PAD62_1", 3000, -85, "T", "DIP", "GND", "GND", "R", 66.929, 66.929, 43.308, 43.308, 180],
		[318, "PAD62_1", 3000, -85, "B", "DIP", "GND", "GND", "R", 66.929, 66.929, 43.308, 43.308, 180],
		[319, "PAD63_2", 2900, -85, "T", "DIP", "+5V", "", "C", 66.929, 66.929, 43.308, 43.308, 180],
		[320, "PAD63_2", 2900, -85, "B", "DIP", "+5V", "", "C", 66.929, 66.929, 43.308, 43.308, 180],
		[321, "PAD64_3", 2800, -85, "T", "DIP", "GPIO14", "", "C", 66.929, 66.929, 43.308, 43.308, 180],
		[322, "PAD64_3", 2800, -85, "B", "DIP", "GPIO14", "", "C", 66.929, 66.929, 43.308, 43.308, 180],
		[323, "PAD65_2", 3864.53, -1025, "T", "DIP", "GND", "GND", "C", 47.244, 47.244, 31.496, 31.496, 90],
		[324, "PAD65_2", 3864.53, -1025, "B", "DIP", "GND", "GND", "C", 47.244, 47.244, 31.496, 31.496, 90],
		[325, "PAD66_1", 3805.47, -1025, "T", "DIP", "+3.3V", "", "C", 47.244, 47.244, 31.496, 31.496, 90],
		[326, "PAD66_1", 3805.47, -1025, "B", "DIP", "+3.3V", "", "C", 47.244, 47.244, 31.496, 31.496, 90],
		[327, "PAD67_1", 2255, -2660, "T", "DIP", "+5V", "", "R", 66.929, 66.929, 43.308, 43.308, 0],
		[328, "PAD67_1", 2255, -2660, "B", "DIP", "+5V", "", "R", 66.929, 66.929, 43.308, 43.308, 0],
		[329, "PAD68_2", 2355, -2660, "T", "DIP", "VIN", "", "C", 66.929, 66.929, 43.308, 43.308, 0],
		[330, "PAD68_2", 2355, -2660, "B", "DIP", "VIN", "", "C", 66.929, 66.929, 43.308, 43.308, 0],
		[331, "PAD69_3", 2455, -2660, "T", "DIP", "GND", "GND", "C", 66.929, 66.929, 43.308, 43.308, 0],
		[332, "PAD69_3", 2455, -2660, "B", "DIP", "GND", "GND", "C", 66.929, 66.929, 43.308, 43.308, 0],
		[333, "PAD70_1", 1011.61, -785.55, "T", "SMD", "GND", "GND", "R", 97.244, 38.583, 0, 0, 0],
		[334, "PAD71_2", 1011.61, -695, "T", "SMD", "+5V", "", "R", 97.244, 38.583, 0, 0, 0],
		[335, "PAD72_3", 1011.61, -604.45, "T", "SMD", "VBAT", "", "R", 97.244, 38.583, 0, 0, 0],
		[336, "PAD73_4", 788.39, -695, "T", "SMD", "+5V", "", "R", 97.244, 141.732, 0, 0, 0],
		[337, "PAD74_1", 3911.61, -515.55, "T", "SMD", "GND", "GND", "R", 97.244, 38.583, 0, 0, 0],
		[338, "PAD75_2", 3911.61, -425, "T", "SMD", "+5V", "", "R", 97.244, 38.583, 0, 0, 0],
		[339, "PAD76_3", 3911.61, -334.45, "T", "SMD", "VBAT", "", "R", 97.244, 38.583, 0, 0, 0],
		[340, "PAD77_4", 3688.39, -425, "T", "SMD", "+3.3V", "", "R", 97.244, 141.732, 0, 0, 0],
		[341, "PAD78_16", 3557.73, -2401.205, "T", "SMD", "TX", "", "R", 98.425, 55.118, 0, 0, 0],
		[342, "PAD79_15", 3557.74, -2322.465, "T", "SMD", "RX", "", "R", 98.425, 55.118, 0, 0, 0],
		[343, "PAD80_14", 3557.73, -2243.725, "T", "SMD", "SCL", "", "R", 98.425, 55.118, 0, 0, 0],
		[344, "PAD81_13", 3557.76, -2164.985, "T", "SMD", "SDA", "", "R", 98.425, 55.118, 0, 0, 0],
		[345, "PAD82_12", 3557.73, -2086.245, "T", "SMD", "GPIO0", "", "R", 98.425, 55.118, 0, 0, 0],
		[346, "PAD83_11", 3557.7, -2007.505, "T", "SMD", "GPIO2", "", "R", 98.425, 55.118, 0, 0, 0],
		[347, "PAD84_10", 3557.75, -1928.765, "T", "SMD", "GPIO15", "", "R", 98.425, 55.118, 0, 0, 0],
		[348, "PAD85_9", 3557.81, -1850.025, "T", "SMD", "GND", "GND", "R", 98.425, 55.118, 0, 0, 0],
		[349, "PAD86_22", 3658.28, -1798.805, "T", "SMD", "SCLK", "", "R", 66.929, 55.118, 0, 0, 270],
		[350, "PAD87_21", 3737.02, -1798.835, "T", "SMD", "MOSI", "", "R", 66.929, 55.118, 0, 0, 270],
		[351, "PAD88_20", 3815.73, -1798.835, "T", "SMD", "GPIO10", "", "R", 66.929, 55.118, 0, 0, 270],
		[352, "PAD89_19", 3894.5, -1798.835, "T", "SMD", "GPIO9", "", "R", 66.929, 55.118, 0, 0, 270],
		[353, "PAD90_18", 3973.19, -1798.855, "T", "SMD", "MISO", "", "R", 66.929, 55.118, 0, 0, 270],
		[354, "PAD91_17", 4051.85, -1798.795, "T", "SMD", "CS0", "", "R", 66.929, 55.118, 0, 0, 270],
		[355, "PAD92_8", 4152.27, -1850.025, "T", "SMD", "+3.3V", "", "R", 98.425, 55.118, 0, 0, 180],
		[356, "PAD93_7", 4152.3, -1928.765, "T", "SMD", "GPIO13", "", "R", 98.425, 55.118, 0, 0, 180],
		[357, "PAD94_6", 4152.3, -2007.505, "T", "SMD", "GPIO12", "", "R", 98.425, 55.118, 0, 0, 180],
		[358, "PAD95_5", 4152.3, -2086.245, "T", "SMD", "GPIO14", "", "R", 98.425, 55.118, 0, 0, 180],
		[359, "PAD96_4", 4152.3, -2164.985, "T", "SMD", "GPIO16", "", "R", 98.425, 55.118, 0, 0, 180],
		[360, "PAD97_3", 4152.3, -2243.725, "T", "SMD", "EN", "", "R", 98.425, 55.118, 0, 0, 180],
		[361, "PAD98_2", 4152.3, -2322.465, "T", "SMD", "ADC", "", "R", 98.425, 55.118, 0, 0, 180],
		[362, "PAD99_1", 4152.3, -2401.205, "T", "SMD", "RST", "", "R", 98.425, 55.118, 0, 0, 180],
		[363, "PAD100_1", 417.24, -1650, "T", "DIP", "GND", "GND", "C", 51.181, 51.181, 31.496, 31.496, 0],
		[364, "PAD100_1", 417.24, -1650, "B", "DIP", "GND", "GND", "C", 51.181, 51.181, 31.496, 31.496, 0],
		[365, "PAD101_2", 822.76, -1650, "T", "DIP", "GPIO14", "", "C", 51.181, 51.181, 31.496, 31.496, 0],
		[366, "PAD101_2", 822.76, -1650, "B", "DIP", "GPIO14", "", "C", 51.181, 51.181, 31.496, 31.496, 0],
		[367, "PAD102_1", 992.24, -1815, "T", "DIP", "SDA", "", "C", 51.181, 51.181, 31.496, 31.496, 0],
		[368, "PAD102_1", 992.24, -1815, "B", "DIP", "SDA", "", "C", 51.181, 51.181, 31.496, 31.496, 0],
		[369, "PAD103_2", 1397.76, -1815, "T", "DIP", "+3.3V", "", "C", 51.181, 51.181, 31.496, 31.496, 0],
		[370, "PAD103_2", 1397.76, -1815, "B", "DIP", "+3.3V", "", "C", 51.181, 51.181, 31.496, 31.496, 0],
		[371, "PAD104_5", 4620, -683.39, "T", "DIP", "GND", "GND", "O", 118.11, 78.74, 39.37, 70.866, 0],
		[372, "PAD104_5", 4620, -683.39, "B", "DIP", "GND", "GND", "O", 118.11, 78.74, 39.37, 70.866, 0],
		[373, "PAD105_4", 4620, -356.61, "T", "DIP", "GND", "GND", "O", 118.11, 78.74, 39.37, 70.866, 0],
		[374, "PAD105_4", 4620, -356.61, "B", "DIP", "GND", "GND", "O", 118.11, 78.74, 39.37, 70.866, 0],
		[375, "PAD106_2", 4620, -520, "T", "DIP", "VIN", "", "O", 62.99, 62.992, 39.37, 39.37, 270],
		[376, "PAD106_2", 4620, -520, "B", "DIP", "VIN", "", "O", 62.99, 62.992, 39.37, 39.37, 270],
		[377, "PAD107_3", 4620, -441.26, "T", "DIP", "VBAT", "", "O", 62.99, 62.992, 39.37, 39.37, 270],
		[378, "PAD107_3", 4620, -441.26, "B", "DIP", "VBAT", "", "O", 62.99, 62.992, 39.37, 39.37, 270]
	]
}
}